{"mean": [1.5283146829433707, 58.20583248558834, 114.99253984401491, 1.5907087148185826, 3.8484231943031535, 23.567989148864022, 208.52492370295016, 209.82841641234316, 177.35842658528315, 125.13123092573754, 70.33401152933197, 4.398779247202442, 3.3387589013224823, 0.10444218379111564, 0.0], "scale": [1.3788704549107276, 40.37203244353693, 45.32642556484134, 1.1867051220597955, 4.245566780758265, 13.220713145611793, 121.6451479524883, 121.06878676503202, 133.62749698137793, 136.4894850276115, 119.67966739143903, 2.7038169022811713, 2.7206667855033624, 0.3755099651688471, 1.0], "input_size": 15}