{"mean": [1.7606382978723405, 55.08191489361702, 1.8106382978723403, 3.3297872340425534, 21.72659574468085, 208.56702127659574, 214.64787234042552, 170.8904255319149, 130.77340425531915, 81.73936170212765, 0.0], "scale": [1.361766537705381, 40.10890351298613, 1.1949777960285946, 3.877069242633872, 12.340761688378244, 122.31213461511432, 118.59749757749208, 131.09906808597273, 135.04647243892813, 125.89874834022488, 1.0], "input_size": 11}