{"mean": [1.647, 72.63, 1.546, 3.688, 21.641, 1.401, 0.066, 0.053, 0.292, 0.013, 0.008, 0.008, 0.011, 0.011, 0.027, 0.014, 1.141, 0.0, 0.014, 0.008, 0.022, 0.009, 0.014, 0.009, 0.024, 0.017, 0.002, 0.001, 0.026, 0.019, 0.0, 0.004, 0.009, 0.007, 0.014, 0.009, 0.009, 0.013, 0.01, 0.001, 0.028, 0.018, 1.604, 0.013, 0.005, 0.019, 0.007, 0.02, 0.0], "scale": [1.3749149064578488, 41.395834331487976, 1.1882272509919976, 4.038150071505525, 12.068310527990237, 1.1489991296776483, 0.2750345432850224, 0.22403347964087716, 0.4590599089443528, 0.11327400407860516, 0.08908422980528062, 0.08908422980528069, 0.10430244484191169, 0.10430244484191172, 0.16208331191088074, 0.11749042514179699, 0.9895044214150867, 1.0, 0.12571396103854246, 0.08908422980528062, 0.14668333238647166, 0.09444045743218281, 0.11749042514179682, 0.0944404574321826, 0.15304901175767152, 0.1292710331048694, 0.044676615807377175, 0.0316069612585586, 0.15913516267625938, 0.136524723035793, 1.0, 0.06311893535223813, 0.09444045743218288, 0.08337265738837908, 0.11749042514179682, 0.09444045743218278, 0.09444045743218316, 0.1132740040786047, 0.09949874371066161, 0.03160696125855829, 0.16497272501840937, 0.14027116596079237, 0.9925643555961542, 0.11327400407860484, 0.07053367989832915, 0.13652472303579308, 0.08337265738837843, 0.14000000000000062, 1.0], "input_size": 49}