{"mean": [1.7606382978723405, 55.08191489361702, 1.8106382978723403, 3.3297872340425534, 21.72659574468085, 1.1180851063829786, 0.07765957446808511, 0.031914893617021274, 0.2936170212765957, 0.011702127659574468, 0.002127659574468085, 0.0031914893617021275, 0.006382978723404255, 0.00425531914893617, 0.022340425531914895, 0.00851063829787234, 1.2957446808510638, 0.00425531914893617, 0.005319148936170213, 0.002127659574468085, 0.022340425531914895, 0.0031914893617021275, 0.009574468085106383, 0.0010638297872340426, 0.013829787234042552, 0.01702127659574468, 0.0010638297872340426, 0.002127659574468085, 0.023404255319148935, 0.01702127659574468, 0.0031914893617021275, 0.002127659574468085, 0.00425531914893617, 0.007446808510638298, 0.02021276595744681, 0.002127659574468085, 0.00851063829787234, 0.009574468085106383, 0.0010638297872340426, 0.0010638297872340426, 0.026595744680851064, 0.015957446808510637, 1.8414893617021277, 0.02021276595744681, 0.002127659574468085, 0.019148936170212766, 0.00851063829787234, 0.00851063829787234, 0.0], "scale": [1.361766537705381, 40.10890351298613, 1.1949777960285946, 3.877069242633872, 12.340761688378244, 1.121308389068408, 0.2793054666219854, 0.17577352810487465, 0.45541856142811676, 0.10754156344322545, 0.04607746346320833, 0.056403047411964044, 0.07963815860516252, 0.06509386613097295, 0.1477881284777915, 0.09185971551030946, 0.8871319906613044, 0.06509386613097269, 0.07273826771902846, 0.04607746346320825, 0.14778812847779144, 0.05640304741196393, 0.09737965724931548, 0.032599049885201334, 0.11678409232041662, 0.12935050343464266, 0.032599049885201355, 0.04607746346320828, 0.15118365041268553, 0.1293505034346426, 0.056403047411963836, 0.04607746346320836, 0.06509386613097183, 0.08597298153282933, 0.1407274317601099, 0.046077463463208304, 0.09185971551030972, 0.09737965724931583, 0.032599049885201334, 0.032599049885201264, 0.1608987602367477, 0.12531084031265727, 0.8928688610755279, 0.14072743176011004, 0.046077463463208325, 0.13704836523564043, 0.09185971551030965, 0.09185971551030932, 1.0], "input_size": 49}