{"mean": [1.7857945605754102, 68.421330636098, 1.8478309732524163, 3.1874578556979096, 21.31647561249719, 1.2129692065632727, 0.056529557203866036, 0.040908069229040236, 0.2791638570465273, 0.010901326140705776, 0.00899078444594291, 0.011238480557428635, 0.007417397167902899, 0.003933468195100023, 0.024724657226342997, 0.00899078444594291, 1.2824230164081816, 0.0024724657226342997, 0.008204090806922904, 0.006630703528882895, 0.012362328613171499, 0.004045853000674309, 0.015396718363677231, 0.0023600809170600135, 0.021690267475837268, 0.01674533603056867, 0.0017981568891885817, 0.003146774556080018, 0.02034164980894583, 0.021465497864688696, 0.0025848505282085863, 0.0020229265003371545, 0.006967857945605754, 0.007417397167902899, 0.016857720836142953, 0.005506855473140031, 0.009777478084962913, 0.009215554057091482, 0.004158237806248595, 0.0017981568891885817, 0.038660373117554506, 0.012249943807597212, 1.7231962238705327, 0.015958642391548664, 0.009103169251517195, 0.01798156889188582, 0.008653630029220049, 0.023038885142728702, 0.0], "scale": [1.368320098245588, 40.277065595376875, 1.2009756250596926, 3.933524387101292, 12.127149132678477, 1.1500888467033898, 0.24693345894238444, 0.1986438237452644, 0.4500888974772714, 0.10491547474147982, 0.09439253276074337, 0.10541431170477086, 0.08580430867477626, 0.06259389765031487, 0.15672551730232598, 0.09439253276074588, 0.8746621195094243, 0.049662386530297184, 0.09020412241662193, 0.08115871671973128, 0.1104966128188059, 0.0634782173203577, 0.12403398340153153, 0.048523303011276726, 0.14796657935529087, 0.12831574241609478, 0.044940996118679535, 0.05600778844030088, 0.14116609753051268, 0.14493008751157346, 0.05077567405712132, 0.0449314396465495, 0.08318237133705725, 0.0858043086747754, 0.12873825416072054, 0.0740035811021234, 0.09839653961019176, 0.0978783267266596, 0.06435018931281267, 0.04236653775080936, 0.19278420232987775, 0.11302296898310352, 0.8773537714630458, 0.12531545844215894, 0.09615129313870568, 0.13288428075612516, 0.09262151324901995, 0.15077421704409613, 1.0], "input_size": 49}