{"mean": [1.5990292723304989, 73.20296862066371, 1.5116261569719316, 3.861897057716909, 21.979268567988562, 1.4539844984573707, 0.059635788998419745, 0.04230942885092934, 0.28079614718940477, 0.008277522763187599, 0.010798404695612914, 0.009312213108586048, 0.008202272556249529, 0.005474452554744526, 0.029968394913086012, 0.012679659869064639, 1.1013055910903755, 0.0016366920009030024, 0.008296335314922116, 0.009199337798178945, 0.013883663180073745, 0.006114079313718113, 0.0114380314545865, 0.003818948002107006, 0.023873128151102416, 0.01681842125065844, 0.0009406275867258635, 0.0023703815185491762, 0.023948378358040485, 0.01800361200993303, 0.0015802543456994507, 0.000978252690194898, 0.005737828279027767, 0.005436827451275491, 0.015821356008729023, 0.004985326209647077, 0.011400406351117465, 0.00903002483256829, 0.008465648280532772, 0.001392128828354278, 0.031661524569192565, 0.015200541801489954, 1.656238242155166, 0.015012416284144781, 0.0060200165550455265, 0.01563323049138385, 0.007280457521258183, 0.025039506358642487, 0.0], "scale": [1.3678920144856832, 41.58604331548096, 1.1691681463627515, 4.131162775198228, 12.352587135759158, 1.1571237289133567, 0.25853460360471536, 0.20176091444720534, 0.4523089963243109, 0.09081096015111406, 0.10335278976224414, 0.09604944453560574, 0.09019420868973407, 0.0737867394859784, 0.17094089807101578, 0.11205583964313826, 0.9561405660255673, 0.04042292963404044, 0.09132568885958524, 0.09606032111468425, 0.11700814961685874, 0.07795317407176443, 0.10633533227968114, 0.06167952365462518, 0.15277705000046168, 0.12902882339893565, 0.030655224782544965, 0.048628826944566945, 0.15288836951211, 0.13310562372795692, 0.03972099119988367, 0.03126172918872317, 0.07577948739034063, 0.07353413056899202, 0.12538556981026258, 0.0704306235399704, 0.10669260703793237, 0.09459642426697223, 0.09161867211287687, 0.03728526258028635, 0.1752047303431145, 0.12296335122434209, 1.0011228683314675, 0.12160198864103217, 0.0775976872025993, 0.12450585490724712, 0.08523542434343645, 0.15660589002455996, 1.0], "input_size": 49}