{"mean": [1.8277894998138264, 72.63019734392454, 1.8513714782176989, 3.1908899093955565, 21.08173017252079, 1.2091969715775102, 0.05305945140871292, 0.034876504902569196, 0.2841007819287576, 0.012659798932605187, 0.009929254064788383, 0.007571056224401142, 0.007633114062306069, 0.005523147573538538, 0.02662281246121385, 0.01023954325431302, 1.2844110711182823, 0.002047908650862604, 0.007633114062306069, 0.0067643043316370855, 0.012411567580985479, 0.005399031897728683, 0.015328285962517067, 0.002730544867816805, 0.021534069753009807, 0.016817674072235323, 0.001117041082288693, 0.0032890654089611517, 0.02165818542881966, 0.01613503785528112, 0.0030408340573414424, 0.0017996772992428943, 0.007757229738115924, 0.007074593521161723, 0.015762690827851557, 0.007074593521161723, 0.009122502172024326, 0.008315750279260271, 0.007384882710686359, 0.0011790989201936205, 0.03742087625667122, 0.016010922179471268, 1.733399528360432, 0.014087129204418519, 0.007695171900210997, 0.015328285962517067, 0.00999131190269331, 0.018865582723097928, 0.0], "scale": [1.395464111241517, 42.03800309223048, 1.195566950559889, 3.958334746508384, 12.056982126837354, 1.1455402407351796, 0.241478083793495, 0.18346698424604285, 0.4530444379676509, 0.11180128990128345, 0.09914970488359474, 0.0866818050806958, 0.087033612081885, 0.07411236343834941, 0.16136342210573276, 0.10067122234409491, 0.8683884796771982, 0.04520746311197259, 0.08703361208188867, 0.08196675251921058, 0.11071368737049032, 0.07327948111371436, 0.12285491285237612, 0.05218322520256353, 0.14515630745127753, 0.12954949348667738, 0.03340349235498362, 0.05725598185077328, 0.1464149575158558, 0.12599483484924132, 0.05505985275659853, 0.04238441294699691, 0.0877328622860701, 0.0845497446683503, 0.12554863502774397, 0.08381255065724381, 0.09507513936957936, 0.09081078447271886, 0.0856174410855437, 0.03431775992004858, 0.19011751616478825, 0.12551722013507208, 0.8823945291737968, 0.1183756633392373, 0.08738395865167776, 0.12386105507214346, 0.09945594798278987, 0.13605025730079037, 1.0], "input_size": 49}